query_0	Who likes Joshua Trees?
query_1	Who likes Slide Rules?
query_2	Who likes Oceanic Trenches?
query_3	Who likes Quokkas?
query_4	Who likes Disco Music?
query_5	Who likes Patterns?
query_6	Who likes Mosaic?
query_7	Who likes Chairs?
query_8	Who likes Scuba Diving?
query_9	Who likes Tapirs?
query_10	Who likes River Otters?
query_11	Who likes Crocheting?
query_12	Who likes Licorice?
query_13	Who likes Soy Sauce?
query_14	Who likes Elm Trees?
query_15	Who likes Barley?
query_16	Who likes Pansies?
query_17	Who likes Hydrangeas?
query_18	Who likes Limes?
query_19	Who likes Candle Making?
query_20	Who likes Glaciers?
query_21	Who likes Snow Leopards?
query_22	Who likes Cheerios?
query_23	Who likes Asymmetry?
query_24	Who likes White Pepper?
query_25	Who likes Halibut?
query_26	Who likes Traveling?
query_27	Who likes Alligators?
query_28	Who likes Sapphires?
query_29	Who likes Praying Mantises?
query_30	Who likes Symphonies?
query_31	Who likes Shasta Daisies?
query_32	Who likes Creativity?
query_33	Who likes Fables?
query_34	Who likes Spinach?
query_35	Who likes Caracals?
query_36	Who likes Alternative Rock?
query_37	Who likes Pangolins?
query_38	Who likes Cards Against Humanity?
query_39	Who likes Bassoons?
query_40	Who likes Parakeets?
query_41	Who likes Cartography?
query_42	Who likes Horror Literature?
query_43	Who likes The Aztec Empire?
query_44	Who likes Giant Isopods?
query_45	Who likes Dragon Fruits?
query_46	Who likes Watercolor Painting?
query_47	Who likes Mops?
query_48	Who likes Mixology?
query_49	Who likes Chess?
query_50	Who likes Lunar Eclipses?
query_51	Who likes Cinnamon Rolls?
query_52	Who likes Sparkling Water?
query_53	Who likes the Minnesota Twins?
query_54	Who likes Blackberries?
query_55	Who likes Cherries?
query_56	Who likes Caves?
query_57	Who likes Lakes?
query_58	Who likes Spaghetti Bolognese?
query_59	Who likes Pepperoni Pizzas?
query_60	Who likes the Houston Astros?
query_61	Who likes Xylophones?
query_62	Who likes Paramedics?
query_63	Who likes Mussels?
query_64	Who likes Dryers?
query_65	Who likes Public Health?
query_66	Who likes Binturongs?
query_67	Who likes Cymbals?
query_68	Who likes Highlighters?
query_69	Who likes Karate?
query_70	Who likes Fennel?
query_71	Who likes Puzzle Video Games?
query_72	Who likes Poblano Peppers?
query_73	Who likes Rice Cakes?
query_74	Who likes Apple Cider?
query_75	Who likes Crows?
query_76	Who likes Bridge?
query_77	Who likes Walking Leaves?
query_78	Who likes Swamps?
query_79	Who likes Animators?
query_80	Who likes Stand-up Comedy?
query_81	Who likes Cobras?
query_82	Who likes Compasses?
query_83	Who likes Stir-fries?
query_84	Who likes Picture Frames?
query_85	Who likes Kangaroos?
query_86	Who likes Drum Kits?
query_87	Who likes Software Developers?
query_88	Who likes Magic: The Gathering?
query_89	Who likes Cool Breezes?
query_90	Who likes Quilts?
query_91	Who likes Futurism?
query_92	Who likes Baking Powder?
query_93	Who likes Eyeglasses?
query_94	Who likes Walruses?
query_95	Who likes Architecture?
query_96	Who likes Sausages?
query_97	Who likes Smoked Paprika?
query_98	Who likes Cassette Players?
query_99	Who likes Barbershop quartets?
query_100	Who likes Disc Golf?
query_101	Who likes Sea Lions?
query_102	Who likes Herbal Tea?
query_103	Who likes Western Movies?
query_104	Who likes Monarch Butterflies?
query_105	Who likes Ukuleles?
query_106	Who likes Soccer?
query_107	Who likes Tango Dancing?
query_108	Who likes Optimism?
query_109	Who likes Soap Making?
query_110	Who likes Cheesecake?
query_111	Who likes Rubik's Cubes?
query_112	Who likes Community?
query_113	Who likes Volleyball?
query_114	Who likes Patience?
query_115	Who likes Thin Mints?
query_116	Who likes Mandolins?
query_117	Who likes Saiga Antelopes?
query_118	Who likes Minimalism?
query_119	Who likes Wombats?
query_120	Who likes Cloves?
query_121	Who likes Mechanics?
query_122	Who likes Armadillos?
query_123	Who likes Starfish?
query_124	Who likes Goat Cheese?
query_125	Who likes Vegan Cheese Pizza?
query_126	Who likes Satisfaction?
query_127	Who likes Amethyst?
query_128	Who likes Quiches?
query_129	Who likes Gecko Lizards?
query_130	Who likes Televisions?
query_131	Who likes Editors?
query_132	Who likes Coconut Macaroons?
query_133	Who likes Vegetable Oil?
query_134	Who likes Envelopes?
query_135	Who likes Lapis Lazuli?
query_136	Who likes Glistening Dewdrops?
query_137	Who likes Historical Fiction?
query_138	Who likes Coasters?
query_139	Who likes Sociology?
query_140	Who likes Worcestershire Sauce?
query_141	Who likes Gladiolus?
query_142	Who likes Horseshoe Crabs?
query_143	Who likes Geysers?
query_144	Who likes Gerbils?
query_145	Who likes Nectarines?
query_146	Who likes Raspberries?
query_147	Who likes Handbags?
query_148	Who likes French Fries?
query_149	Who likes Gerenuks?
query_150	Who likes Bearded Dragon Lizards?
query_151	Who likes Yeti Crabs?
query_152	Who likes Falafel?
query_153	Who likes Blues Music?
query_154	Who likes Neuroscience?
query_155	Who likes Monstera?
query_156	Who likes Skimboarding?
query_157	Who likes Psychology?
query_158	Who likes the Tampa Bay Rays?
query_159	Who likes Smartphones?
query_160	Who likes Mashed Potatoes?
query_161	Who likes Venus?
query_162	Who likes Ciabatta?
query_163	Who likes Affection?
query_164	Who likes Horses?
query_165	Who likes Double Basses?
query_166	Who likes Mountain Biking?
query_167	Who likes Toffee?
query_168	Who likes Archery?
query_169	Who likes Power Walking?
query_170	Who likes Nurses?
query_171	Who likes Family Movies?
query_172	Who likes Stair Climbing?
query_173	Who likes Wild Rice?
query_174	Who likes Bumblebees?
query_175	Who likes Chia Seed Puddings?
query_176	Who likes Jelly Beans?
query_177	Who likes Baobab Trees?
query_178	Who likes Hawaiian Pizzas?
query_179	Who likes Autonomy?
query_180	Who likes the Kansas City Chiefs?
query_181	Who likes Centipedes?
query_182	Who likes Bammy?
query_183	Who likes Ham?
query_184	Who likes Binoculars?
query_185	Who likes Meteors?
query_186	Who likes Comedy Literature?
query_187	Who likes Sweet Muffins?
query_188	Who likes Excitement?
query_189	Who likes Printers?
query_190	Who likes Chainsaws?
query_191	Who likes Sunbathing?
query_192	Who likes Cotton Candy?
query_193	Who likes Placemats?
query_194	Who likes Wood Burning?
query_195	Who likes Orange Soda?
query_196	Who likes Country Music?
query_197	Who likes House Music?
query_198	Who likes Sculpting?
query_199	Who likes Jade?
query_200	Who likes Zinnias?
query_201	Who likes Duct Tape?
query_202	Who likes Brie?
query_203	Who likes Spades?
query_204	Who likes Butternut Squash?
query_205	Who likes The Scent of Flowers?
query_206	Who likes The Sound of Ocean Waves?
query_207	Who likes Bleeding Hearts?
query_208	Who likes Riddles?
query_209	Who likes Cucumbers?
query_210	Who likes Mace?
query_211	Who likes Escape Rooms?
query_212	Who likes Za'atar?
query_213	Who likes Loyalty?
query_214	Who likes Forests?
query_215	Who likes Polar Bears?
query_216	Who likes Tambourines?
query_217	Who likes Truffles?
query_218	Who likes Edamame?
query_219	Who likes Digital Art?
query_220	Who likes Tectonic Plates?
query_221	Who likes Rye Bread?
query_222	Who likes Herbalism?
query_223	Who likes Swimsuits?
query_224	Who likes Bushcraft?
query_225	Who likes Teachers?
query_226	Who likes Clamps?
query_227	Who likes The Iron Age?
query_228	Who likes Crocodiles?
query_229	Who likes Smoothies?
query_230	Who likes Post-War Boom?
query_231	Who likes Flying Drones?
query_232	Who likes Criminology?
query_233	Who likes Biographies?
query_234	Who likes Bubble Tea?
query_235	Who likes Jasmine?
query_236	Who likes Poppies?
query_237	Who likes The Stone Age?
query_238	Who likes River Deltas?
query_239	Who likes Bowling?
query_240	Who likes Blogging?
query_241	Who likes Axolotls?
query_242	Who likes Caramel Sauce?
query_243	Who likes Ginkgo Trees?
query_244	Who likes Metalworking?
query_245	Who likes Hip Hop Dancing?
query_246	Who likes Violas?
query_247	Who likes Twinkies?
query_248	Who likes Actors?
query_249	Who likes Popcorn?
query_250	Who likes Boxing?
query_251	Who likes Asafoetida?
query_252	Who likes Rubies?
query_253	Who likes Spontaneity?
query_254	Who likes Parsley?
query_255	Who likes Social Work?
query_256	Who likes Triathlons?
query_257	Who likes Mangoes?
query_258	Who likes Cherry Blossom Trees?
query_259	Who likes Gardenias?
query_260	Who likes Building Snowmen?
query_261	Who likes Lyrebirds?
query_262	Who likes Secretarybirds?
query_263	Who likes Turmeric?
query_264	Who likes Enthusiasm?
query_265	Who likes Fugues?
query_266	Who likes Scones?
query_267	Who likes Animated Movies?
query_268	Who likes Impressionism?
query_269	Who likes Finches?
query_270	Who likes Environmental Science?
query_271	Who likes Mimas?
query_272	Who likes Fennec Foxes?
query_273	Who likes Ash Trees?
query_274	Who likes Frisson?
query_275	Who likes Bamboo?
query_276	Who likes Meditation?
query_277	Who likes Okra?
query_278	Who likes Hercules Beetles?
query_279	Who likes Natural Arches?
query_280	Who likes Fruit Snacks?
query_281	Who likes Plumbers?
query_282	Who likes Irises?
query_283	Who likes Sunrise?
query_284	Who likes Paleontology?
query_285	Who likes Acrylic Painting?
query_286	Who likes Juniper Trees?
query_287	Who likes Drivers?
query_288	Who likes Hermit Crabs?
query_289	Who likes Roast Beef?
query_290	Who likes Levels?
query_291	Who likes Panna Cotta?
query_292	Who likes Renaissance Art?
query_293	Who likes Synchronicity?
query_294	Who likes Mastery?
query_295	Who likes The Milky Way Galaxy?
query_296	Who likes Haddock?
query_297	Who likes Provolone?
query_298	Who likes Ferns?
query_299	Who likes Coconut Flour?
query_300	Who likes The Viking Age?
query_301	Who likes Billiards?
query_302	Who likes Pheasant?
query_303	Who likes Peonies?
query_304	Who likes Remote Controls?
query_305	Who likes The Scent of a Campfire?
query_306	Who likes Cedar Trees?
query_307	Who likes Nutty Buddies?
query_308	Who likes Cliffs?
query_309	Who likes Rafflesia Flowers?
query_310	Who likes Paper Clips?
query_311	Who likes Paneer?
query_312	Who likes Telestrations?
query_313	Who likes Satire?
query_314	Who likes Stalagmites?
query_315	Who likes Blue Swedish Ducks?
query_316	Who likes Leatherworking?
query_317	Who likes Accordions?
query_318	Who likes Opera?
query_319	Who likes Thriller Movies?
query_320	Who likes Coaches?
query_321	Who likes Kindness?
query_322	Who likes Oboes?
query_323	Who likes Shortbread?
query_324	Who likes Patios?
query_325	Who likes Millipedes?
query_326	Who likes Angel Food Cakes?
query_327	Who likes Coffee Cakes?
query_328	Who likes Hoopoes?
query_329	Who likes Hot Fudge?
query_330	Who likes Orchid Mantises?
query_331	Who likes Beluga Whales?
query_332	Who likes Capybaras?
query_333	Who likes Italian Ice?
query_334	Who likes Environmental Engineering?
query_335	Who likes Star Anise?
query_336	Who likes Early Modern Period?
query_337	Who likes Linzer Tortes?
query_338	Who likes Oil Painting?
query_339	Who likes Earrings?
query_340	Who likes Closure?
query_341	Who likes Gorges?
query_342	Who likes Llamas?
query_343	Who likes Graham Crackers?
query_344	Who likes Bath Mats?
query_345	Who likes Jacaranda Trees?
query_346	Who likes Pocket Watches?
query_347	Who likes Muenster?
query_348	Who likes Lo-fi music?
query_349	Who likes Techno Music?
query_350	Who likes Backgammon?
query_351	Who likes Grizzly Bears?
query_352	Who likes Deep Dish Pizza?
query_353	Who likes Work Gloves?
query_354	Who likes Bat Flowers?
query_355	Who likes Sea shanties?
query_356	Who likes Linguists?
query_357	Who likes Polo Shirts?
query_358	Who likes Pilots?
query_359	Who likes Bow Ties?
query_360	Who likes Speakers?
query_361	Who likes Bison?
query_362	Who likes Paralegals?
query_363	Who likes Kitesurfing?
query_364	Who likes Composting?
query_365	Who likes Artichokes?
query_366	Who likes International Relations?
query_367	Who likes Pride?
query_368	Who likes The Feeling of Warm Sand?
query_369	Who likes Bee-eaters?
query_370	Who likes Zoology?
query_371	Who likes Mustard Seed?
query_372	Who likes Nautiluses?
query_373	Who likes Calmness?
query_374	Who likes Mythology?
query_375	Who likes Knitting?
query_376	Who likes Welders?
query_377	Who likes Philosophy?
query_378	Who likes Musicians?
query_379	Who likes Foraging?
query_380	Who likes Vanilla?
query_381	Who likes Alpacas?
query_382	Who likes Legends?
query_383	Who likes Clams?
query_384	Who likes Electronic Keyboards?
query_385	Who likes Speed Skating?
query_386	Who likes Manchego?
query_387	Who likes Poetry Writing?
query_388	Who likes Graffiti Art?
query_389	Who likes Prehistory?
query_390	Who likes the Green Bay Packers?
query_391	Who likes Celery with peanut butter?
query_392	Who likes Poplar Trees?
query_393	Who likes The Scent of Baking Bread?
query_394	Who likes Hip Hop Music?
query_395	Who likes Pesto?
query_396	Who likes Cocoa Powder?
query_397	Who likes Peacocks?
query_398	Who likes Glassblowing?
query_399	Who likes Pillows?
query_400	Who likes Bongos?
query_401	Who likes Hamburgers?
query_402	Who likes Cellos?
query_403	Who likes Lilies?
query_404	Who likes Journalists?
query_405	Who likes Ethics?
query_406	Who likes Potato Bread?
query_407	Who likes Synchronized Swimming?
query_408	Who likes Deviled Eggs?
query_409	Who likes Caramel deLites?
query_410	Who likes Ambient Music?
query_411	Who likes Phase 10?
query_412	Who likes Folklore?
query_413	Who likes Turquoise?
query_414	Who likes Baroque Art?
query_415	Who likes Toolboxes?
query_416	Who likes Habaneros?
query_417	Who likes Venison?
query_418	Who likes Prepared Mustard?
query_419	Who likes Cuttlefish?
query_420	Who likes Ironing Boards?
query_421	Who likes Upside-Down Cakes?
query_422	Who likes Legal Dramas?
query_423	Who likes Shepherd's Pies?
query_424	Who likes Toothbrushes?
query_425	Who likes Sheep?
query_426	Who likes Inline Skating?
query_427	Who likes Agave Nectar?
query_428	Who likes Boots?
query_429	Who likes Olives?
query_430	Who likes Sea Anemones?
query_431	Who likes Canola Oil?
query_432	Who likes Paleontologists?
query_433	Who likes Lacrosse?
query_434	Who likes Adventure Video Games?
query_435	Who likes Making Snow Angels?
query_436	Who likes Ginger Ale Soda?
query_437	Who likes Welwitschia Mirabilis?
query_438	Who likes Biscotti?
query_439	Who likes Fantasy Movies?
query_440	Who likes Red Pandas?
query_441	Who likes Refrigerators?
query_442	Who likes Anchovies?
query_443	Who likes Hibiscus?
query_444	Who likes Dominoes?
query_445	Who likes Sichuan Peppercorns?
query_446	Who likes Nutmeg?
query_447	Who likes Wardrobes?
query_448	Who likes Rosy Maple Moths?
query_449	Who likes the Los Angeles Rams?
query_450	Who likes Contentment?
query_451	Who likes 3D Modeling?
query_452	Who likes Crayfish?
query_453	Who likes Donuts?
query_454	Who likes Coriander?
query_455	Who likes Okapi?
query_456	Who likes Olive Oil?
query_457	Who likes Begonias?
query_458	Who likes Topaz?
query_459	Who likes Lentils?
query_460	Who likes Leaf Peeping?
query_461	Who likes Baklava?
query_462	Who likes Bass Guitars?
query_463	Who likes Fish and Chips?
query_464	Who likes Rowing?
query_465	Who likes Steamed Vegetables?
query_466	Who likes Euphoria?
query_467	Who likes Cross-country Skiing?
query_468	Who likes Slugs?
query_469	Who likes Drills?
query_470	Who likes Fiddle Leaf Figs?
query_471	Who likes Flemish Giants?
query_472	Who likes Hot Chocolate?
query_473	Who likes Abstract Expressionism?
query_474	Who likes Carpenter Ants?
query_475	Who likes Safety Goggles?
query_476	Who likes Nougat?
query_477	Who likes Education?
query_478	Who likes Trombones?
query_479	Who likes Tailors?
query_480	Who likes Kayaking?
query_481	Who likes Brioche?
query_482	Who likes Old World Fruit Bats?
query_483	Who likes Theology?
query_484	Who likes True Crime?
query_485	Who likes the Carolina Panthers?
query_486	Who likes Chili?
query_487	Who likes Towels?
query_488	Who likes Titan Arums?
query_489	Who likes Continental Shelves?
query_490	Who likes Swans?
query_491	Who likes Mackerel?
query_492	Who likes Trifles?
query_493	Who likes Scallops?
query_494	Who likes Earth?
query_495	Who likes Pulled Pork?
query_496	Who likes Lychees?
query_497	Who likes Macaws?
query_498	Who likes Visiting Aquariums?
query_499	Who likes Sweaters?
query_500	Who likes Game Design?
query_501	Who likes Layer Cakes?
query_502	Who likes Raccoons?
query_503	Who likes Wolverines?
query_504	Who likes Composing Music?
query_505	Who likes Naan Bread?
query_506	Who likes Pitcher Plants?
query_507	Who likes Glasswing Butterflies?
query_508	Who likes Newts?
query_509	Who likes Halloumi?
query_510	Who likes Pinball?
query_511	Who likes Tape Dispensers?
query_512	Who likes Fluffy Clouds?
query_513	Who likes Sponges?
query_514	Who likes Word Searches?
query_515	Who likes Ground Beef?
query_516	Who likes Financiers?
query_517	Who likes Air Compressors?
query_518	Who likes Basins?
query_519	Who likes Tights?
query_520	Who likes Honeydew Melons?
query_521	Who likes Empathy?
query_522	Who likes Love?
query_523	Who likes Potter Wasps?
query_524	Who likes Bracelets?
query_525	Who likes Statistics?
query_526	Who likes Electric Guitars?
query_527	Who likes Red Wolves?
query_528	Who likes Jello?
query_529	Who likes Tablets?
query_530	Who likes the Chicago White Sox?
query_531	Who likes The Information Age?
query_532	Who likes Tulips?
query_533	Who likes Carcassonne?
query_534	Who likes Telescopes?
query_535	Who likes CrossFit?
query_536	Who likes Homesteading?
query_537	Who likes Zip Ties?
query_538	Who likes Clue?
query_539	Who likes Musicals?
query_540	Who likes Halva?
query_541	Who likes Frosting?
query_542	Who likes Sea Cucumbers?
query_543	Who likes Cauliflower?
query_544	Who likes World music?
query_545	Who likes Valleys?
query_546	Who likes Birch Trees?
query_547	Who likes Cosmic Brownies?
query_548	Who likes Wrenches?
query_549	Who likes Harps?
query_550	Who likes Mantis Shrimp?
query_551	Who likes Trail Mix?
query_552	Who likes Opals?
query_553	Who likes Astrophotography?
query_554	Who likes Janitors?
query_555	Who likes Milky Quartz?
query_556	Who likes Coconut Milk?
query_557	Who likes Palm Trees?
query_558	Who likes Iguanas?
query_559	Who likes Ostriches?
query_560	Who likes Peaches?
query_561	Who likes Nail Art?
query_562	Who likes Beachcombing?
query_563	Who likes Camembert?
query_564	Who likes Dragon's Blood Trees?
query_565	Who likes Chemists?
query_566	Who likes Kingfishers?
query_567	Who likes Librarians?
query_568	Who likes LARPing?
query_569	Who likes Volunteering?
query_570	Who likes Roses?
query_571	Who likes Etching?
query_572	Who likes Sesame Oil?
query_573	Who likes The Gilded Age?
query_574	Who likes the Miami Marlins?
query_575	Who likes Avocados?
query_576	Who likes Cannoli?
query_577	Who likes Cleaners?
query_578	Who likes Lemonade?
query_579	Who likes Sumac?
query_580	Who likes Apricots?
query_581	Who likes Cognitive Science?
query_582	Who likes Chemistry?
query_583	Who likes Essays?
query_584	Who likes Teamwork?
query_585	Who likes Oat Milk?
query_586	Who likes Islands?
query_587	Who likes A cappella music?
query_588	Who likes Matcha Lattes?
query_589	Who likes Beef Ribs?
query_590	Who likes Platypuses?
query_591	Who likes Jelly?
query_592	Who likes Hazelnut Flavor?
query_593	Who likes Scissors?
query_594	Who likes Staplers?
query_595	Who likes Tourmaline?
query_596	Who likes Screenwriting?
query_597	Who likes Young Adult Fiction?
query_598	Who likes Croquet?
query_599	Who likes Oak Trees?
query_600	Who likes Hoodies?
query_601	Who likes Wisdom?
query_602	Who likes Mason Bees?
query_603	Who likes Fjords?
query_604	Who likes Black-eyed Susans?
query_605	Who likes Malachite?
query_606	Who likes Mentoring?
query_607	Who likes Ocean Sunfish?
query_608	Who likes Hangers?
query_609	Who likes Rugby?
query_610	Who likes Nostalgia?
query_611	Who likes Mountains?
query_612	Who likes the New York Jets?
query_613	Who likes Weightlifting?
query_614	Who likes Cloud Watching?
query_615	Who likes Aquamarine?
query_616	Who likes Ovens?
query_617	Who likes Pretzels?
query_618	Who likes Rococo Art?
query_619	Who likes Obsidian?
query_620	Who likes Red Bell Peppers?
query_621	Who likes Black Garden Ants?
query_622	Who likes the Kansas City Royals?
query_623	Who likes The Digital Age?
query_624	Who likes Mesas?
query_625	Who likes Goulash?
query_626	Who likes Poetry Slams?
query_627	Who likes Biomedical Engineering?
query_628	Who likes Blue-ringed Octopus?
query_629	Who likes Apples to Apples?
query_630	Who likes Card Making?
query_631	Who likes Caraway?
query_632	Who likes The Game of Life?
query_633	Who likes Synthesizers?
query_634	Who likes Hornbills?
query_635	Who likes Drama Literature?
query_636	Who likes Bread Puddings?
query_637	Who likes Steak?
query_638	Who likes the New York Mets?
query_639	Who likes Poppy Seed?
query_640	Who likes Amplifiers?
query_641	Who likes Star Clusters?
query_642	Who likes the Los Angeles Angels?
query_643	Who likes Oreos?
query_644	Who likes Flan?
query_645	Who likes Canoeing?
query_646	Who likes Putty Knives?
query_647	Who likes Pop Art?
query_648	Who likes Barbers?
query_649	Who likes Grapefruits?
query_650	Who likes Holly Trees?
query_651	Who likes Fire Ants?
query_652	Who likes Lantanas?
query_653	Who likes Codenames?
query_654	Who likes Malts?
query_655	Who likes Focaccia?
query_656	Who likes Pavements Ants?
query_657	Who likes Cosplay?
query_658	Who likes Gelato?
query_659	Who likes Geese?
query_660	Who likes Baking Soda?
query_661	Who likes Catan?
query_662	Who likes Mascarpone?
query_663	Who likes The Wild West?
query_664	Who likes Crumbles?
query_665	Who likes Lagoons?
query_666	Who likes Skunks?
query_667	Who likes Duvets?
query_668	Who likes Seaweed Snacks?
query_669	Who likes Damselflies?
query_670	Who likes Kombucha?
query_671	Who likes Venus Flytraps?
query_672	Who likes Cardamom?
query_673	Who likes Songwriting?
query_674	Who likes Wabi-sabi?
query_675	Who likes Rhinoceroses?
query_676	Who likes Umbrellas?
query_677	Who likes Cross-stitching?
query_678	Who likes Flour Tortillas?
query_679	Who likes Onion Rings?
query_680	Who likes Shuffleboard?
query_681	Who likes Tempeh?
query_682	Who likes Popsicles?
query_683	Who likes Lap Swimming?
query_684	Who likes Integrity?
query_685	Who likes Pyrite?
query_686	Who likes The Golden Age of Piracy?
query_687	Who likes Mules?
query_688	Who likes Thrifting?
query_689	Who likes Woodpeckers?
query_690	Who likes Horseshoe Bats?
query_691	Who likes Black Tea?
query_692	Who likes Sandals?
query_693	Who likes Tasmanian Devils?
query_694	Who likes Accountants?
query_695	Who likes Knot Tying?
query_696	Who likes Garlic?
query_697	Who likes Bigfin Reef Squids?
query_698	Who likes Cottage Cheese?
query_699	Who likes Soy Milk?
query_700	Who likes Pencils?
query_701	Who likes Botany?
query_702	Who likes Chives?
query_703	Who likes Interior Design?
query_704	Who likes Science Fiction Literature?
query_705	Who likes Fishing?
query_706	Who likes Redwood Trees?
query_707	Who likes Screen Printing?
query_708	Who likes the Arizona Cardinals?
query_709	Who likes Dungeons & Dragons?
query_710	Who likes Blankets?
query_711	Who likes Mushroom Hunting?
query_712	Who likes Macro Photography?
query_713	Who likes Lard?
query_714	Who likes Hematite?
query_715	Who likes Red Velvet Cakes?
query_716	Who likes Cobblers?
query_717	Who likes Archaeology?
query_718	Who likes Cornbread?
query_719	Who likes Utility Knives?
query_720	Who likes Manatees?
query_721	Who likes Taiga?
query_722	Who likes Roasted Vegetables?
query_723	Who likes Zebras?
query_724	Who likes Pothos?
query_725	Who likes Powdered Sugar?
query_726	Who likes Cornmeal?
query_727	Who likes Origami?
query_728	Who likes Rings?
query_729	Who likes Ketchup?
query_730	Who likes Pineapple Juice?
query_731	Who likes Scootering?
query_732	Who likes Focus?
query_733	Who likes Gingerbread?
query_734	Who likes Maple Trees?
query_735	Who likes White Chocolate Brownies?
query_736	Who likes Ghee?
query_737	Who likes Watering Cans?
query_738	Who likes Chinchillas?
query_739	Who likes Stag Beetles?
query_740	Who likes Cricket?
query_741	Who likes Block Printing?
query_742	Who likes Amaranth?
query_743	Who likes Balconies?
query_744	Who likes Compassion?
query_745	Who likes Necklaces?
query_746	Who likes Star Fruits?
query_747	Who likes Sneakers?
query_748	Who likes Honey?
query_749	Who likes Red Foxes?
query_750	Who likes Turnovers?
query_751	Who likes Ancient Egypt?
query_752	Who likes Organization?
query_753	Who likes Eagles?
query_754	Who likes Epiphanies?
query_755	Who likes Reverence?
query_756	Who likes Classics?
query_757	Who likes Lifeguards?
query_758	Who likes Walnuts?
query_759	Who likes Economists?
query_760	Who likes Vaporwave?
query_761	Who likes Hedgehogs?
query_762	Who likes Iced Tea?
query_763	Who likes Courage?
query_764	Who likes Twister?
query_765	Who likes Tacos?
query_766	Who likes Mousse?
query_767	Who likes Goliath Beetles?
query_768	Who likes Shaved Ice?
query_769	Who likes Yo-yos?
query_770	Who likes Penne?
query_771	Who likes Canaries?
query_772	Who likes Electrical Engineering?
query_773	Who likes The Feeling of Cool Water?
query_774	Who likes Economics?
query_775	Who likes Poached Eggs?
query_776	Who likes The Industrial Revolution?
query_777	Who likes Bedroom Curtains?
query_778	Who likes Stained Glass?
query_779	Who likes Jupiter?
query_780	Who likes Sand Dollars?
query_781	Who likes Sudoku Puzzles?
query_782	Who likes Juggling?
query_783	Who likes Pad Thai?
query_784	Who likes Meatloaf?
query_785	Who likes Curries?
query_786	Who likes Key Lime Pies?
query_787	Who likes Marshmallows?
query_788	Who likes Cranberries?
query_789	Who likes Fir Trees?
query_790	Who likes Genealogy?
query_791	Who likes Visiting Zoos?
query_792	Who likes Food Coloring?
query_793	Who likes Humor?
query_794	Who likes Jeans?
query_795	Who likes Catfish?
query_796	Who likes Singing?
query_797	Who likes Metronomes?
query_798	Who likes Black Bears?
query_799	Who likes Dresses?
query_800	Who likes Robes?
query_801	Who likes Quasars?
query_802	Who likes Law?
query_803	Who likes Amusement?
query_804	Who likes The Age of Enlightenment?
query_805	Who likes Friendship?
query_806	Who likes Dumplings?
query_807	Who likes Harmonicas?
query_808	Who likes the San Francisco Giants?
query_809	Who likes Waterfalls?
query_810	Who likes The Big Dipper?
query_811	Who likes Tumbling?
query_812	Who likes Pajamas?
query_813	Who likes Multigrain Bread?
query_814	Who likes The Andromeda Galaxy?
query_815	Who likes Hot Dogs?
query_816	Who likes Chips Ahoy!?
query_817	Who likes Photorealism?
query_818	Who likes Grease Ants?
query_819	Who likes Rakes?
query_820	Who likes Heavy Metal Music?
query_821	Who likes Nutter Butters?
query_822	Who likes Ancient Greece?
query_823	Who likes Pointillism?
query_824	Who likes Dining Tables?
query_825	Who likes Marathon Running?
query_826	Who likes Buckwheat?
query_827	Who likes Couscous?
query_828	Who likes Extension Cords?
query_829	Who likes Scrapbooking?
query_830	Who likes Dandelions?
query_831	Who likes Red Wine Vinegar?
query_832	Who likes Salsa Dancing?
query_833	Who likes Apple Slices?
query_834	Who likes Sprinkles?
query_835	Who likes Red Onions?
query_836	Who likes Ice Cream Sundaes?
query_837	Who likes Forgiveness?
query_838	Who likes Seahorses?
query_839	Who likes Handball?
query_840	Who likes Black Holes?
query_841	Who likes Ears of Corn?
query_842	Who likes Romantic Music?
query_843	Who likes Pliers?
query_844	Who likes Hammerhead Sharks?
query_845	Who likes Astronomy?
query_846	Who likes Softball?
query_847	Who likes Art Nouveau?
query_848	Who likes Trumpets?
query_849	Who likes Checkers?
query_850	Who likes The Mayan Civilization?
query_851	Who likes Documentary Series?
query_852	Who likes Western Calligraphy?
query_853	Who likes Elevators?
query_854	Who likes Granola Bars?
query_855	Who likes Green Beans?
query_856	Who likes Shower Curtains?
query_857	Who likes Asteroids?
query_858	Who likes Sorbet?
query_859	Who likes English Muffins?
query_860	Who likes Funk Music?
query_861	Who likes Hot Springs?
query_862	Who likes Slushies?
query_863	Who likes Giraffes?
query_864	Who likes Lotus Flowers?
query_865	Who likes Thyme?
query_866	Who likes Geraniums?
query_867	Who likes Purpose?
query_868	Who likes Marjoram?
query_869	Who likes Mallards?
query_870	Who likes Veggie Straws?
query_871	Who likes Road Cycling?
query_872	Who likes Judo?
query_873	Who likes Neptune?
query_874	Who likes Volcanoes?
query_875	Who likes Immunology?
query_876	Who likes Sheet Cakes?
query_877	Who likes Hammers?
query_878	Who likes Physics?
query_879	Who likes Architects?
query_880	Who likes Neoclassicism?
query_881	Who likes Buckets?
query_882	Who likes Jalapenos?
query_883	Who likes Jumpsuits?
query_884	Who likes Atlas Moths?
query_885	Who likes Barre?
query_886	Who likes Swing Dancing?
query_887	Who likes Bagpipes?
query_888	Who likes Maned Wolves?
query_889	Who likes Trampolining?
query_890	Who likes Dahlias?
query_891	Who likes Skip-Bo?
query_892	Who likes Axes?
query_893	Who likes Racing Video Games?
query_894	Who likes Manta Rays?
query_895	Who likes The Regency Era?
query_896	Who likes Stand-up Paddleboarding?
query_897	Who likes Rice Puddings?
query_898	Who likes Cribbage?
query_899	Who likes Clafoutis?
query_900	Who likes Aloe Vera?
query_901	Who likes Late Antiquity?
query_902	Who likes Nebulae?
query_903	Who likes Kickboxing?
query_904	Who likes Dragonflies?
query_905	Who likes Tundra?
query_906	Who likes Tomato Juice?
query_907	Who likes Black Forest Cakes?
query_908	Who likes Creme Brulee?
query_909	Who likes Watermelons?
query_910	Who likes Crepes?
query_911	Who likes Backpacking?
query_912	Who likes Political Science?
query_913	Who likes Mochas?
query_914	Who likes Relief?
query_915	Who likes Beanies?
query_916	Who likes Performing Arts Studies?
query_917	Who likes Injera?
query_918	Who likes Fire Extinguishers?
query_919	Who likes Drama Movies?
query_920	Who likes Longboarding?
query_921	Who likes Timor Pythons?
query_922	Who likes Conga Drums?
query_923	Who likes Turntablism?
query_924	Who likes Jigsaw Puzzles?
query_925	Who likes Moon Pies?
query_926	Who likes Videography?
query_927	Who likes Limeade?
query_928	Who likes Strategy Video Games?
query_929	Who likes Honey Bees?
query_930	Who likes Uno?
query_931	Who likes Milkshakes?
query_932	Who likes Indie Music?
query_933	Who likes Beaches?
query_934	Who likes Mindfulness?
query_935	Who likes Trivia?
query_936	Who likes Hummus?
query_937	Who likes Pita Bread?
query_938	Who likes Stairs?
query_939	Who likes Oregano?
query_940	Who likes Sparrows?
query_941	Who likes Egg Noodles?
query_942	Who likes White Vinegar?
query_943	Who likes the Detroit Tigers?
query_944	Who likes Watches?
query_945	Who likes Pine Trees?
query_946	Who likes Collaboration?
query_947	Who likes White-tailed Deer?
query_948	Who likes Radishes?
query_949	Who likes Mural Painting?
query_950	Who likes Werewolf?
query_951	Who likes Chrysanthemums?
query_952	Who likes Lawyers?
query_953	Who likes Vests?
query_954	Who likes the Boston Red Sox?
query_955	Who likes Arctic Foxes?
query_956	Who likes Garden Hoses?
query_957	Who likes Root Beer Soda?
query_958	Who likes Pens?
query_959	Who likes Backpacks?
query_960	Who likes Horchata?
query_961	Who likes the San Diego Padres?
query_962	Who likes Corn Flakes?
query_963	Who likes Tubas?
query_964	Who likes Protea Flowers?
query_965	Who likes Game Shows?
query_966	Who likes Petunias?
query_967	Who likes Tiramisu?
query_968	Who likes Boa Constrictors?
query_969	Who likes Risk?
query_970	Who likes Desks?
query_971	Who likes Basketball?
query_972	Who likes Frilled Sharks?
query_973	Who likes Bonsai Trees?
query_974	Who likes Vacuum Cleaners?
query_975	Who likes Snowboarding?
query_976	Who likes Snapdragons?
query_977	Who likes Sugar Gliders?
query_978	Who likes Beavers?
query_979	Who likes Madeleines?
query_980	Who likes the Chicago Cubs?
query_981	Who likes Grape Soda?
query_982	Who likes Plateaus?
query_983	Who likes Socks?
query_984	Who likes Lasagna?
query_985	Who likes Havarti?
query_986	Who likes Beds?
query_987	Who likes Paintbrushes?
query_988	Who likes Doors?
query_989	Who likes Kale?
query_990	Who likes Dunes?
query_991	Who likes Caramel Candies?
query_992	Who likes Fenugreek?
query_993	Who likes Rats?
query_994	Who likes Coneflowers?
query_995	Who likes Challah?
query_996	Who likes Pipefish?
query_997	Who likes Lemurs?
query_998	Who likes Teff?
query_999	Who likes the Pittsburgh Pirates?
